indicator,area,period,value,unit,page,model,provenance,evidence,unit_range,arithmetic,cross_read,status,reason
4_external_sector_secteur_ex,Algeria,2017,29.5,,9,rules-only,True,True,True,True,match,verified,
4_external_sector_secteur_ex,Algeria,4.1. Imports (in 2018,29.0,,9,rules-only,True,True,True,False,match,review,parts sum to 423.4 but the document publishes 2 018.0
4_external_sector_secteur_ex,Algeria,% of GDP) | Impor 2019,26.1,,9,rules-only,True,True,True,False,match,review,parts sum to 434.2 but the document publishes 2 019.0
4_external_sector_secteur_ex,Algeria,tations (en % 2020,24.9,,9,rules-only,True,True,True,False,match,review,parts sum to 252.4 but the document publishes 2 020.0
4_external_sector_secteur_ex,Algeria,PIB) 2021,23.4,,9,rules-only,True,True,True,False,match,review,parts sum to 277.4 but the document publishes 2 021.0
4_external_sector_secteur_ex,Algeria,PIB) 2022,20.4,,9,rules-only,True,True,True,False,match,review,parts sum to 334.9 but the document publishes 2 022.0
4_external_sector_secteur_ex,Libya,2017,20.4,,9,rules-only,True,True,True,True,match,verified,
4_external_sector_secteur_ex,Libya,4.1. Imports (in 2018,24.2,,9,rules-only,True,True,True,False,match,review,parts sum to 423.4 but the document publishes 2 018.0
4_external_sector_secteur_ex,Libya,% of GDP) | Impor 2019,35.4,,9,rules-only,True,True,True,False,match,review,parts sum to 434.2 but the document publishes 2 019.0
4_external_sector_secteur_ex,Mauritania,2017,44.3,,9,rules-only,True,True,True,True,match,verified,
4_external_sector_secteur_ex,Mauritania,4.1. Imports (in 2018,52.6,,9,rules-only,True,True,True,False,match,review,parts sum to 423.4 but the document publishes 2 018.0
4_external_sector_secteur_ex,Mauritania,% of GDP) | Impor 2019,51.1,,9,rules-only,True,True,True,False,match,review,parts sum to 434.2 but the document publishes 2 019.0
4_external_sector_secteur_ex,Mauritania,tations (en % 2020,45.4,,9,rules-only,True,True,True,False,match,review,parts sum to 252.4 but the document publishes 2 020.0
4_external_sector_secteur_ex,Mauritania,PIB) 2021,48.5,,9,rules-only,True,True,True,False,match,review,parts sum to 277.4 but the document publishes 2 021.0
4_external_sector_secteur_ex,Mauritania,PIB) 2022,62.3,,9,rules-only,True,True,True,False,match,review,parts sum to 334.9 but the document publishes 2 022.0
4_external_sector_secteur_ex,Morocco,2017,41.6,,9,rules-only,True,True,True,True,match,verified,
4_external_sector_secteur_ex,Morocco,4.1. Imports (in 2018,43.4,,9,rules-only,True,True,True,False,match,review,parts sum to 423.4 but the document publishes 2 018.0
4_external_sector_secteur_ex,Morocco,% of GDP) | Impor 2019,41.9,,9,rules-only,True,True,True,False,match,review,parts sum to 434.2 but the document publishes 2 019.0
4_external_sector_secteur_ex,Morocco,tations (en % 2020,38.0,,9,rules-only,True,True,True,False,match,review,parts sum to 252.4 but the document publishes 2 020.0
4_external_sector_secteur_ex,Morocco,PIB) 2021,42.4,,9,rules-only,True,True,True,False,match,review,parts sum to 277.4 but the document publishes 2 021.0
4_external_sector_secteur_ex,Morocco,PIB) 2022,56.3,,9,rules-only,True,True,True,False,match,review,parts sum to 334.9 but the document publishes 2 022.0
4_external_sector_secteur_ex,Tunisia,2017,54.1,,9,rules-only,True,True,True,True,match,verified,
4_external_sector_secteur_ex,Tunisia,4.1. Imports (in 2018,58.4,,9,rules-only,True,True,True,False,match,review,parts sum to 423.4 but the document publishes 2 018.0
4_external_sector_secteur_ex,Tunisia,% of GDP) | Impor 2019,56.4,,9,rules-only,True,True,True,False,match,review,parts sum to 434.2 but the document publishes 2 019.0
4_external_sector_secteur_ex,Tunisia,tations (en % 2020,46.3,,9,rules-only,True,True,True,False,match,review,parts sum to 252.4 but the document publishes 2 020.0
4_external_sector_secteur_ex,Tunisia,PIB) 2021,52.2,,9,rules-only,True,True,True,False,match,review,parts sum to 277.4 but the document publishes 2 021.0
4_external_sector_secteur_ex,Tunisia,PIB) 2022,65.3,,9,rules-only,True,True,True,False,match,review,parts sum to 334.9 but the document publishes 2 022.0
4_external_sector_secteur_ex,AMU,2017,34.1,,9,rules-only,True,True,True,True,match,verified,
4_external_sector_secteur_ex,AMU,4.1. Imports (in 2018,35.5,,9,rules-only,True,True,True,False,match,review,parts sum to 423.4 but the document publishes 2 018.0
4_external_sector_secteur_ex,AMU,% of GDP) | Impor 2019,35.5,,9,rules-only,True,True,True,False,match,review,parts sum to 434.2 but the document publishes 2 019.0
4_external_sector_secteur_ex,COUNTRY,2017,2017.0,,9,rules-only,True,True,True,True,match,verified,
4_external_sector_secteur_ex,COUNTRY,4.1. Imports (in 2018,2018.0,,9,rules-only,True,True,True,False,match,review,parts sum to 423.4 but the document publishes 2 018.0
4_external_sector_secteur_ex,COUNTRY,% of GDP) | Impor 2019,2019.0,,9,rules-only,True,True,True,False,match,review,parts sum to 434.2 but the document publishes 2 019.0
4_external_sector_secteur_ex,COUNTRY,tations (en % 2020,2020.0,,9,rules-only,True,True,True,False,match,review,parts sum to 252.4 but the document publishes 2 020.0
4_external_sector_secteur_ex,COUNTRY,PIB) 2021,2021.0,,9,rules-only,True,True,True,False,match,review,parts sum to 277.4 but the document publishes 2 021.0
4_external_sector_secteur_ex,COUNTRY,PIB) 2022,2022.0,,9,rules-only,True,True,True,False,match,review,parts sum to 334.9 but the document publishes 2 022.0
4_external_sector_secteur_ex,Algeria,2017,20.3,,9,rules-only,True,True,True,True,match,verified,
4_external_sector_secteur_ex,Algeria,4.1. Imports (in 2018,23.4,,9,rules-only,True,True,True,False,match,review,parts sum to 423.4 but the document publishes 2 018.0
4_external_sector_secteur_ex,Algeria,% of GDP) | Impor 2019,20.4,,9,rules-only,True,True,True,False,match,review,parts sum to 434.2 but the document publishes 2 019.0
4_external_sector_secteur_ex,Algeria,tations (en % 2020,15.5,,9,rules-only,True,True,True,False,match,review,parts sum to 252.4 but the document publishes 2 020.0
4_external_sector_secteur_ex,Algeria,PIB) 2021,23.4,,9,rules-only,True,True,True,False,match,review,parts sum to 277.4 but the document publishes 2 021.0
4_external_sector_secteur_ex,Algeria,PIB) 2022,30.8,,9,rules-only,True,True,True,False,match,review,parts sum to 334.9 but the document publishes 2 022.0
4_external_sector_secteur_ex,Libya,2017,27.2,,9,rules-only,True,True,True,True,match,verified,
4_external_sector_secteur_ex,Libya,4.1. Imports (in 2018,39.6,,9,rules-only,True,True,True,False,match,review,parts sum to 423.4 but the document publishes 2 018.0
4_external_sector_secteur_ex,Libya,% of GDP) | Impor 2019,42.8,,9,rules-only,True,True,True,False,match,review,parts sum to 434.2 but the document publishes 2 019.0
4_external_sector_secteur_ex,Mauritania,2017,34.5,,9,rules-only,True,True,True,True,match,verified,
4_external_sector_secteur_ex,Mauritania,4.1. Imports (in 2018,36.6,,9,rules-only,True,True,True,False,match,review,parts sum to 423.4 but the document publishes 2 018.0
4_external_sector_secteur_ex,Mauritania,% of GDP) | Impor 2019,42.4,,9,rules-only,True,True,True,False,match,review,parts sum to 434.2 but the document publishes 2 019.0
4_external_sector_secteur_ex,Mauritania,tations (en % 2020,41.4,,9,rules-only,True,True,True,False,match,review,parts sum to 252.4 but the document publishes 2 020.0
4_external_sector_secteur_ex,Mauritania,PIB) 2021,39.9,,9,rules-only,True,True,True,False,match,review,parts sum to 277.4 but the document publishes 2 021.0
4_external_sector_secteur_ex,Mauritania,PIB) 2022,39.7,,9,rules-only,True,True,True,False,match,review,parts sum to 334.9 but the document publishes 2 022.0
4_external_sector_secteur_ex,Morocco,2017,32.6,,9,rules-only,True,True,True,True,match,verified,
4_external_sector_secteur_ex,Morocco,4.1. Imports (in 2018,33.8,,9,rules-only,True,True,True,False,match,review,parts sum to 423.4 but the document publishes 2 018.0
4_external_sector_secteur_ex,Morocco,% of GDP) | Impor 2019,34.1,,9,rules-only,True,True,True,False,match,review,parts sum to 434.2 but the document publishes 2 019.0
4_external_sector_secteur_ex,Morocco,tations (en % 2020,30.8,,9,rules-only,True,True,True,False,match,review,parts sum to 252.4 but the document publishes 2 020.0
4_external_sector_secteur_ex,Morocco,PIB) 2021,33.1,,9,rules-only,True,True,True,False,match,review,parts sum to 277.4 but the document publishes 2 021.0
4_external_sector_secteur_ex,Morocco,PIB) 2022,44.8,,9,rules-only,True,True,True,False,match,review,parts sum to 334.9 but the document publishes 2 022.0
4_external_sector_secteur_ex,Tunisia,2017,41.7,,9,rules-only,True,True,True,True,match,verified,
4_external_sector_secteur_ex,Tunisia,4.1. Imports (in 2018,45.5,,9,rules-only,True,True,True,False,match,review,parts sum to 423.4 but the document publishes 2 018.0
4_external_sector_secteur_ex,Tunisia,% of GDP) | Impor 2019,46.0,,9,rules-only,True,True,True,False,match,review,parts sum to 434.2 but the document publishes 2 019.0
4_external_sector_secteur_ex,Tunisia,tations (en % 2020,38.0,,9,rules-only,True,True,True,False,match,review,parts sum to 252.4 but the document publishes 2 020.0
4_external_sector_secteur_ex,Tunisia,PIB) 2021,42.0,,9,rules-only,True,True,True,False,match,review,parts sum to 277.4 but the document publishes 2 021.0
4_external_sector_secteur_ex,Tunisia,PIB) 2022,51.4,,9,rules-only,True,True,True,False,match,review,parts sum to 334.9 but the document publishes 2 022.0
4_external_sector_secteur_ex,AMU,2017,27.2,,9,rules-only,True,True,True,True,match,verified,
4_external_sector_secteur_ex,AMU,4.1. Imports (in 2018,31.5,,9,rules-only,True,True,True,False,match,review,parts sum to 423.4 but the document publishes 2 018.0
4_external_sector_secteur_ex,AMU,% of GDP) | Impor 2019,30.7,,9,rules-only,True,True,True,False,match,review,parts sum to 434.2 but the document publishes 2 019.0
4_external_sector_secteur_ex,COUNTRY,2017,2017.0,,9,rules-only,True,True,True,True,match,verified,
4_external_sector_secteur_ex,COUNTRY,4.1. Imports (in 2018,2018.0,,9,rules-only,True,True,True,False,match,review,parts sum to 423.4 but the document publishes 2 018.0
4_external_sector_secteur_ex,COUNTRY,% of GDP) | Impor 2019,2019.0,,9,rules-only,True,True,True,False,match,review,parts sum to 434.2 but the document publishes 2 019.0
4_external_sector_secteur_ex,COUNTRY,tations (en % 2020,2020.0,,9,rules-only,True,True,True,False,match,review,parts sum to 252.4 but the document publishes 2 020.0
4_external_sector_secteur_ex,COUNTRY,PIB) 2021,2021.0,,9,rules-only,True,True,True,False,match,review,parts sum to 277.4 but the document publishes 2 021.0
4_external_sector_secteur_ex,COUNTRY,PIB) 2022,2022.0,,9,rules-only,True,True,True,False,match,review,parts sum to 334.9 but the document publishes 2 022.0
4_external_sector_secteur_ex,Algeria,2017,-7.6,,9,rules-only,True,True,True,True,match,verified,
4_external_sector_secteur_ex,Algeria,4.1. Imports (in 2018,-3.8,,9,rules-only,True,True,True,False,match,review,parts sum to 423.4 but the document publishes 2 018.0
4_external_sector_secteur_ex,Algeria,% of GDP) | Impor 2019,-4.8,,9,rules-only,True,True,True,False,match,review,parts sum to 434.2 but the document publishes 2 019.0
4_external_sector_secteur_ex,Algeria,tations (en % 2020,-8.3,,9,rules-only,True,True,True,False,match,review,parts sum to 252.4 but the document publishes 2 020.0
4_external_sector_secteur_ex,Algeria,PIB) 2021,0.6,,9,rules-only,True,True,True,False,match,review,parts sum to 277.4 but the document publishes 2 021.0
4_external_sector_secteur_ex,Algeria,PIB) 2022,11.9,,9,rules-only,True,True,True,False,match,review,parts sum to 334.9 but the document publishes 2 022.0
4_external_sector_secteur_ex,Libya,2017,6.8,,9,rules-only,True,True,True,True,match,verified,
4_external_sector_secteur_ex,Libya,4.1. Imports (in 2018,15.4,,9,rules-only,True,True,True,False,match,review,parts sum to 423.4 but the document publishes 2 018.0
4_external_sector_secteur_ex,Libya,% of GDP) | Impor 2019,7.5,,9,rules-only,True,True,True,False,match,review,parts sum to 434.2 but the document publishes 2 019.0
4_external_sector_secteur_ex,Mauritania,2017,-9.8,,9,rules-only,True,True,True,True,match,verified,
4_external_sector_secteur_ex,Mauritania,4.1. Imports (in 2018,-16.0,,9,rules-only,True,True,True,False,match,review,parts sum to 423.4 but the document publishes 2 018.0
4_external_sector_secteur_ex,Mauritania,% of GDP) | Impor 2019,-8.7,,9,rules-only,True,True,True,False,match,review,parts sum to 434.2 but the document publishes 2 019.0
4_external_sector_secteur_ex,Mauritania,tations (en % 2020,-4.0,,9,rules-only,True,True,True,False,match,review,parts sum to 252.4 but the document publishes 2 020.0
4_external_sector_secteur_ex,Mauritania,PIB) 2021,-8.6,,9,rules-only,True,True,True,False,match,review,parts sum to 277.4 but the document publishes 2 021.0
4_external_sector_secteur_ex,Mauritania,PIB) 2022,-22.6,,9,rules-only,True,True,True,False,match,review,parts sum to 334.9 but the document publishes 2 022.0
4_external_sector_secteur_ex,Morocco,2017,-9.0,,9,rules-only,True,True,True,True,match,verified,
4_external_sector_secteur_ex,Morocco,4.1. Imports (in 2018,-9.6,,9,rules-only,True,True,True,False,match,review,parts sum to 423.4 but the document publishes 2 018.0
4_external_sector_secteur_ex,Morocco,% of GDP) | Impor 2019,-7.8,,9,rules-only,True,True,True,False,match,review,parts sum to 434.2 but the document publishes 2 019.0
4_external_sector_secteur_ex,Morocco,tations (en % 2020,-7.3,,9,rules-only,True,True,True,False,match,review,parts sum to 252.4 but the document publishes 2 020.0
4_external_sector_secteur_ex,Morocco,PIB) 2021,-9.3,,9,rules-only,True,True,True,False,match,review,parts sum to 277.4 but the document publishes 2 021.0
4_external_sector_secteur_ex,Morocco,PIB) 2022,-11.5,,9,rules-only,True,True,True,False,match,review,parts sum to 334.9 but the document publishes 2 022.0
4_external_sector_secteur_ex,Tunisia,2017,-12.4,,9,rules-only,True,True,True,True,match,verified,
4_external_sector_secteur_ex,Tunisia,4.1. Imports (in 2018,-12.9,,9,rules-only,True,True,True,False,match,review,parts sum to 423.4 but the document publishes 2 018.0
4_external_sector_secteur_ex,Tunisia,% of GDP) | Impor 2019,-10.4,,9,rules-only,True,True,True,False,match,review,parts sum to 434.2 but the document publishes 2 019.0
4_external_sector_secteur_ex,Tunisia,tations (en % 2020,-8.3,,9,rules-only,True,True,True,False,match,review,parts sum to 252.4 but the document publishes 2 020.0
4_external_sector_secteur_ex,Tunisia,PIB) 2021,-10.2,,9,rules-only,True,True,True,False,match,review,parts sum to 277.4 but the document publishes 2 021.0
4_external_sector_secteur_ex,Tunisia,PIB) 2022,-13.9,,9,rules-only,True,True,True,False,match,review,parts sum to 334.9 but the document publishes 2 022.0
4_external_sector_secteur_ex,AMU,2017,-6.2,,9,rules-only,True,True,True,True,match,verified,
4_external_sector_secteur_ex,AMU,4.1. Imports (in 2018,-3.2,,9,rules-only,True,True,True,False,match,review,parts sum to 423.4 but the document publishes 2 018.0
4_external_sector_secteur_ex,AMU,% of GDP) | Impor 2019,-4.4,,9,rules-only,True,True,True,False,match,review,parts sum to 434.2 but the document publishes 2 019.0
4_external_sector_secteur_ex,KeyStats,2017,2023.0,,9,rules-only,True,True,True,True,match,verified,
amu_uma,Algeria,4.6. International financial flows (in millions of US$) | Flux financiers internationaux (en millions de $ EU) Official development assistance (net) / Appui public au développement (net),172.0,,10,rules-only,True,True,True,True,match,verified,
amu_uma,Algeria,4.6. International financial flows (in millions of US$) | Flux financiers internationaux (en millions de $ EU) Official development assistance (net) / Appui public au développement (net) (4),209.6,,10,rules-only,True,True,True,True,match,verified,
amu_uma,Algeria,4.6. International financial flows (in millions of US$) | Flux financiers internationaux (en millions de $ EU) Official development assistance (net) / Appui public au développement (net) (7),214.4,,10,rules-only,True,True,True,True,match,verified,
amu_uma,Algeria,4.6. International financial flows (in millions of US$) | Flux financiers internationaux (en millions de $ EU) Net foreign direct investment / Investissement direct étranger net,1381.8,,10,rules-only,True,True,True,True,match,verified,
amu_uma,Algeria,4.6. International financial flows (in millions of US$) | Flux financiers internationaux (en millions de $ EU) Net foreign direct investment / Investissement direct étranger net (4),1142.6,,10,rules-only,True,True,True,True,match,verified,
amu_uma,Algeria,4.6. International financial flows (in millions of US$) | Flux financiers internationaux (en millions de $ EU) Net foreign direct investment / Investissement direct étranger net (7),869.7,,10,rules-only,True,True,True,True,match,verified,
amu_uma,Libya,4.6. International financial flows (in millions of US$) | Flux financiers internationaux (en millions de $ EU) Official development assistance (net) / Appui public au développement (net),294.2,,10,rules-only,True,True,True,True,match,verified,
amu_uma,Libya,4.6. International financial flows (in millions of US$) | Flux financiers internationaux (en millions de $ EU) Official development assistance (net) / Appui public au développement (net) (4),296.0,,10,rules-only,True,True,True,True,match,verified,
amu_uma,Libya,4.6. International financial flows (in millions of US$) | Flux financiers internationaux (en millions de $ EU) Official development assistance (net) / Appui public au développement (net) (7),345.1,,10,rules-only,True,True,True,True,match,verified,
amu_uma,Mauritania,4.6. International financial flows (in millions of US$) | Flux financiers internationaux (en millions de $ EU) Official development assistance (net) / Appui public au développement (net),396.6,,10,rules-only,True,True,True,True,match,verified,
amu_uma,Mauritania,4.6. International financial flows (in millions of US$) | Flux financiers internationaux (en millions de $ EU) Official development assistance (net) / Appui public au développement (net) (4),644.9,,10,rules-only,True,True,True,True,match,verified,
amu_uma,Mauritania,4.6. International financial flows (in millions of US$) | Flux financiers internationaux (en millions de $ EU) Official development assistance (net) / Appui public au développement (net) (7),424.8,,10,rules-only,True,True,True,True,match,verified,
amu_uma,Mauritania,4.6. International financial flows (in millions of US$) | Flux financiers internationaux (en millions de $ EU) Net foreign direct investment / Investissement direct étranger net,886.9,,10,rules-only,True,True,True,True,match,verified,
amu_uma,Mauritania,4.6. International financial flows (in millions of US$) | Flux financiers internationaux (en millions de $ EU) Net foreign direct investment / Investissement direct étranger net (4),927.9,,10,rules-only,True,True,True,True,match,verified,
amu_uma,Mauritania,4.6. International financial flows (in millions of US$) | Flux financiers internationaux (en millions de $ EU) Net foreign direct investment / Investissement direct étranger net (7),22.2,,10,rules-only,True,True,True,True,match,verified,
amu_uma,Morocco,4.6. International financial flows (in millions of US$) | Flux financiers internationaux (en millions de $ EU) Official development assistance (net) / Appui public au développement (net),751.8,,10,rules-only,True,True,True,True,match,verified,
amu_uma,Morocco,4.6. International financial flows (in millions of US$) | Flux financiers internationaux (en millions de $ EU) Official development assistance (net) / Appui public au développement (net) (4),1828.4,,10,rules-only,True,True,True,True,match,verified,
amu_uma,Morocco,4.6. International financial flows (in millions of US$) | Flux financiers internationaux (en millions de $ EU) Official development assistance (net) / Appui public au développement (net) (7),965.2,,10,rules-only,True,True,True,True,match,verified,
amu_uma,Morocco,4.6. International financial flows (in millions of US$) | Flux financiers internationaux (en millions de $ EU) Net foreign direct investment / Investissement direct étranger net,1720.0,,10,rules-only,True,True,True,True,match,verified,
amu_uma,Morocco,4.6. International financial flows (in millions of US$) | Flux financiers internationaux (en millions de $ EU) Net foreign direct investment / Investissement direct étranger net (4),1419.2,,10,rules-only,True,True,True,True,match,verified,
amu_uma,Morocco,4.6. International financial flows (in millions of US$) | Flux financiers internationaux (en millions de $ EU) Net foreign direct investment / Investissement direct étranger net (7),2153.3,,10,rules-only,True,True,True,True,match,verified,
amu_uma,Tunisia,4.6. International financial flows (in millions of US$) | Flux financiers internationaux (en millions de $ EU) Official development assistance (net) / Appui public au développement (net),979.1,,10,rules-only,True,True,True,True,match,verified,
amu_uma,Tunisia,4.6. International financial flows (in millions of US$) | Flux financiers internationaux (en millions de $ EU) Official development assistance (net) / Appui public au développement (net) (4),974.9,,10,rules-only,True,True,True,True,match,verified,
amu_uma,Tunisia,4.6. International financial flows (in millions of US$) | Flux financiers internationaux (en millions de $ EU) Official development assistance (net) / Appui public au développement (net) (7),1093.4,,10,rules-only,True,True,True,True,match,verified,
amu_uma,Tunisia,4.6. International financial flows (in millions of US$) | Flux financiers internationaux (en millions de $ EU) Net foreign direct investment / Investissement direct étranger net,844.8,,10,rules-only,True,True,True,True,match,verified,
amu_uma,Tunisia,4.6. International financial flows (in millions of US$) | Flux financiers internationaux (en millions de $ EU) Net foreign direct investment / Investissement direct étranger net (4),652.1,,10,rules-only,True,True,True,True,match,verified,
amu_uma,Tunisia,4.6. International financial flows (in millions of US$) | Flux financiers internationaux (en millions de $ EU) Net foreign direct investment / Investissement direct étranger net (7),660.2,,10,rules-only,True,True,True,True,match,verified,
amu_uma,AMU,4.6. International financial flows (in millions of US$) | Flux financiers internationaux (en millions de $ EU) Official development assistance (net) / Appui public au développement (net),2593.6,,10,rules-only,True,True,True,True,match,verified,
amu_uma,AMU,4.6. International financial flows (in millions of US$) | Flux financiers internationaux (en millions de $ EU) Official development assistance (net) / Appui public au développement (net) (4),3953.9,,10,rules-only,True,True,True,True,match,verified,
amu_uma,AMU,4.6. International financial flows (in millions of US$) | Flux financiers internationaux (en millions de $ EU) Official development assistance (net) / Appui public au développement (net) (7),3042.9,,10,rules-only,True,True,True,True,match,verified,
table_on_page_13,Imports from,col1,2017.0,,13,rules-only,True,False,True,True,match,dropped,the quoted source line does not appear on that page
table_on_page_13,Imports from,col2,2018.0,,13,rules-only,True,False,True,True,match,dropped,the quoted source line does not appear on that page
table_on_page_13,Imports from,col3,2019.0,,13,rules-only,True,False,True,True,match,dropped,the quoted source line does not appear on that page
table_on_page_13,Imports from,col4,2020.0,,13,rules-only,True,False,True,True,match,dropped,the quoted source line does not appear on that page
table_on_page_13,Imports from,col5,20212.0,,13,rules-only,False,False,True,True,match,dropped,20212.0 is not printed on page 13 | the quoted source line does not appear on that page
table_on_page_13,Imports from,Impo,22.0,,13,rules-only,False,False,True,True,match,dropped,22.0 is not printed on page 13 | the quoted source line does not appear on that page
table_on_page_13,Africa 5,col1,207.0,,13,rules-only,True,True,True,True,match,verified,
table_on_page_13,Africa 5,col3,14360.6,,13,rules-only,True,True,True,True,match,verified,
table_on_page_13,Africa 5,col4,11716.04,,13,rules-only,False,True,True,True,match,dropped,11716.04 is not printed on page 13
table_on_page_13,Africa 5,col5,246.6,,13,rules-only,True,True,True,True,match,verified,
table_on_page_13,AMU 2,col1,928.0,,13,rules-only,True,True,True,True,match,verified,
table_on_page_13,AMU 2,col3,4948.9,,13,rules-only,True,True,True,True,match,verified,
table_on_page_13,AMU 2,col4,4735.02,,13,rules-only,False,True,True,True,match,dropped,4735.02 is not printed on page 13
table_on_page_13,AMU 2,col5,330.1,,13,rules-only,True,True,True,True,match,verified,
table_on_page_13,CEN-SAD 3,col1,424.0,,13,rules-only,True,True,True,True,match,verified,
table_on_page_13,CEN-SAD 3,col3,6148.1,,13,rules-only,True,True,True,True,match,verified,
table_on_page_13,CEN-SAD 3,col4,5529.52,,13,rules-only,False,True,True,True,match,dropped,5529.52 is not printed on page 13
table_on_page_13,CEN-SAD 3,col5,208.2,,13,rules-only,True,True,True,True,match,verified,
table_on_page_13,COMESA 1,col1,796.0,,13,rules-only,True,True,True,True,match,verified,
table_on_page_13,COMESA 1,col3,6375.3,,13,rules-only,True,True,True,True,match,verified,
table_on_page_13,COMESA 1,col4,5480.91,,13,rules-only,False,True,True,True,match,dropped,5480.91 is not printed on page 13
table_on_page_13,COMESA 1,col5,416.6,,13,rules-only,True,True,True,True,match,verified,
table_on_page_13,EAC,col1,78.0,,13,rules-only,True,True,True,True,match,verified,
table_on_page_13,EAC,col3,1847.5,,13,rules-only,True,True,True,True,match,verified,
table_on_page_13,EAC,col4,1408.2,,13,rules-only,True,True,True,True,match,verified,
table_on_page_13,EAC,col5,82.7,,13,rules-only,True,True,True,True,match,verified,
table_on_page_13,ECCAS,col1,115.0,,13,rules-only,True,True,True,True,match,verified,
table_on_page_13,ECCAS,col3,744.5,,13,rules-only,True,True,True,True,match,verified,
table_on_page_13,ECCAS,col4,108.9,,13,rules-only,True,True,True,True,match,verified,
table_on_page_13,ECCAS,col5,174.5,,13,rules-only,True,True,True,True,match,verified,
table_on_page_13,ECOWAS,col1,265.0,,13,rules-only,True,True,True,True,match,verified,
table_on_page_13,ECOWAS,col3,430.6,,13,rules-only,True,True,True,True,match,verified,
table_on_page_13,ECOWAS,col4,442.7,,13,rules-only,True,True,True,True,match,verified,
table_on_page_13,ECOWAS,col5,236.6,,13,rules-only,True,True,True,True,match,verified,
table_on_page_13,IGAD,col1,101.0,,13,rules-only,True,True,True,True,match,verified,
table_on_page_13,IGAD,col3,755.3,,13,rules-only,True,True,True,True,match,verified,
table_on_page_13,IGAD,col4,499.3,,13,rules-only,True,True,True,True,match,verified,
table_on_page_13,IGAD,col5,84.3,,13,rules-only,True,True,True,True,match,verified,
table_on_page_13,SADC,col1,256.0,,13,rules-only,True,True,True,True,match,verified,
table_on_page_13,SADC,col3,5324.5,,13,rules-only,True,True,True,True,match,verified,
table_on_page_13,SADC,col4,3981.7,,13,rules-only,True,True,True,True,match,verified,
table_on_page_13,SADC,col5,286.9,,13,rules-only,True,True,True,True,match,verified,
table_on_page_13,KeyStats,col1,2023.0,,13,rules-only,True,True,True,True,match,verified,
